Model Architecture,AUC,F1 Score,Parameters (Millions)
CheXNet (DenseNet-121),0.5614542263447775,0.021088435374149662,6.968206
CheXNet + CBAM,0.5367519512187735,0.027380952380952377,7.100465
